,2012년 01월,2012년 02월,2012년 03월,2012년 04월,2012년 05월,2012년 06월,2012년 07월,2012년 08월,2012년 09월,2012년 10월,2012년 11월,2012년 12월,2013년 01월,2013년 02월,2013년 03월,2013년 04월,2013년 05월,2013년 06월,2013년 07월,2013년 08월,2013년 09월,2013년 10월,2013년 11월,2013년 12월,2014년 01월,2014년 02월,2014년 03월,2014년 04월,2014년 05월,2014년 06월,2014년 07월,2014년 08월,2014년 09월,2014년 10월,2014년 11월,2014년 12월,2015년 01월,2015년 02월,2015년 03월,2015년 04월,2015년 05월,2015년 06월,2015년 07월,2015년 08월,2015년 09월,2015년 10월,2015년 11월,2015년 12월,2016년 01월,2016년 02월,2016년 03월,2016년 04월,2016년 05월,2016년 06월,2016년 07월,2016년 08월,2016년 09월,2016년 10월,2016년 11월,2016년 12월,2017년 01월,2017년 02월,2017년 03월,2017년 04월,2017년 05월,2017년 06월,2017년 07월,2017년 08월,2017년 09월,2017년 10월,2017년 11월,2017년 12월,2018년 01월,2018년 02월,2018년 03월,2018년 04월,2018년 05월,2018년 06월,2018년 07월,2018년 08월,2018년 09월,2018년 10월,2018년 11월,2018년 12월,2019년 01월,2019년 02월,2019년 03월,2019년 04월,2019년 05월,2019년 06월,2019년 07월,2019년 08월,2019년 09월,2019년 10월,2019년 11월,2019년 12월,2020년 01월,2020년 02월,2020년 03월,2020년 04월,2020년 05월,2020년 06월,2020년 07월,2020년 08월,2020년 09월,2020년 10월,2020년 11월,2020년 12월,2021년 01월,2021년 02월,2021년 03월,2021년 04월,2021년 05월,2021년 06월,2021년 07월,2021년 08월,2021년 09월,2021년 10월,2021년 11월,2021년 12월,2022년 01월,2022년 02월,2022년 03월,2022년 04월,2022년 05월,2022년 06월,2022년 07월
종로구,501646,501646,501646,501646,501646,501280,501280,501646,501329,500024,499829,499805,499805,499805,499439,499329,499000,497707,496585,495378,495207,495817,496061,496195,479337,479360,479360,478686,478477,478233,478116,477988,479093,478674,478453,481791,481884,481872,482860,485116,486174,486744,500407,501140,501791,502570,503733,504151,504337,504372,504535,504616,505291,506163,507384,508488,509012,510047,511500,512419,513023,513302,514302,515605,516640,518721,521244,524012,524488,525872,527942,597750,602125,607646,611500,615833,619167,622708,626417,631021,637167,642313,643875,644083,710411,709786,709661,709554,709214,709250,709250,709679,711357,713732,715696,720375,1022319,1023083,1023917,1023250,1021861,1022514,1029542,1033625,1036486,1036681,1037986,1039903,1041444,1044347,1045819,1047819,1048722,1050750,986488,993400,1000450,1010325,1019263,1020950,1020513,1018100,1016508,1015970,1015670,1014683,1010645
중구,545130,545030,540348,539800,536320,524800,519200,513900,506800,503260,499100,495320,493920,494200,491900,492000,494140,495320,490360,485860,485120,486040,486240,487300,502759,502259,503185,503278,503778,503704,504241,504481,504833,505852,507796,508556,509648,511296,513815,516407,517519,519370,535556,536944,538519,541241,542463,544444,545037,545296,545352,545648,546463,547278,548093,549500,550778,551852,553481,553907,554130,554278,554815,555815,556815,559889,562278,565481,566111,567259,569852,619150,623017,631950,640967,646217,651383,655550,661633,670733,682467,688617,691400,692683,775667,773200,771283,769767,768983,768583,768833,770233,771567,776133,780283,783633,795743,796557,797357,796986,796157,796086,802257,806143,807771,808743,809900,812157,814614,820100,822257,823314,824371,829486,1055520,1062180,1069810,1079570,1088060,1089582,1089782,1089122,1087792,1087422,1086812,1085282,1081042
용산구,852152,851318,846970,845758,845439,843879,841500,835667,829803,821242,812455,809970,807000,805182,802303,791091,787545,785000,781576,775833,772379,768621,766955,765000,761439,757818,754864,753258,750879,749530,748667,748152,748606,750364,750879,750121,750030,750652,751939,752955,754136,754879,784439,785485,787015,788864,790530,790985,791288,791682,791985,793182,794076,796015,798955,801682,804015,808227,811303,812667,813773,814136,816303,819015,822379,828576,833212,838439,838864,839682,840955,1065833,1080385,1107821,1122308,1126141,1129295,1132756,1138654,1157410,1172949,1177103,1176615,1173987,1378500,1374816,1371224,1367276,1365632,1363789,1364605,1366066,1368579,1374658,1383368,1392408,1389939,1392207,1393524,1392439,1389780,1389963,1399354,1406439,1411232,1412659,1413768,1416951,1421012,1427366,1430780,1434768,1439390,1445073,1691671,1707042,1722671,1744636,1762294,1769182,1770601,1769930,1766951,1769734,1773818,1774720,1773671
성동구,475333,474372,471654,470551,469096,466949,464603,460449,457167,452821,447282,442231,439910,437679,435372,432756,436141,437218,435987,435026,434000,436603,437385,438128,447987,451410,454603,455808,455628,455679,455013,454910,455346,456115,456269,456500,456859,459051,461846,466397,468962,472013,475731,480141,483500,487987,491474,492910,492987,493295,493487,493923,494385,494923,495128,496244,497641,500218,502526,503321,503218,503038,503167,504346,507500,512744,516962,518897,517038,517641,521192,668542,680771,696188,704458,705333,704094,705063,708469,714073,726677,728958,729604,728615,881926,880096,876809,872383,866149,863011,863255,864926,867574,873383,879979,887713,899118,900431,901725,901549,900892,902245,910716,916402,918667,920020,921108,923402,927029,934049,938029,940000,942235,947157,1344052,1351519,1357976,1363538,1367371,1368833,1368995,1368362,1367410,1366929,1367605,1367343,1366362
광진구,666091,666091,664576,662879,660758,657576,655909,654318,651439,647530,641061,636970,630606,626591,621379,620773,613485,609591,606106,602030,601015,601515,601773,600697,600879,602576,604273,603515,603697,603152,602106,601288,602409,604227,606015,607439,608515,610288,612424,615758,619424,621879,630788,636091,641409,645788,651091,654848,654955,655182,654924,654879,654636,655076,655818,656742,658848,662742,666576,668318,668409,668379,668379,668773,672091,677152,681318,685045,685682,688758,692727,751487,765921,778895,788026,791842,794197,793447,793132,794039,803842,806118,807961,806987,902974,900342,898237,896553,896079,895737,896184,897658,899434,906013,910118,916039,1014402,1014671,1014598,1013671,1012195,1013329,1021037,1025866,1029256,1030878,1032220,1034524,1038378,1047439,1053024,1056524,1059476,1063805,1234964,1241414,1245636,1249686,1252843,1254029,1254100,1253471,1252771,1252357,1252850,1251629,1250286
동대문구,377115,376987,376359,373962,371833,370846,370795,369731,368538,365859,362910,359846,356423,354590,353679,351667,352308,351782,349949,348474,347718,349321,349936,350346,349817,351720,352878,353293,353146,352646,352268,352256,352902,353622,354280,354305,354500,355402,357622,359585,361500,364183,371049,374024,378963,384256,387427,389732,389744,389927,390098,390634,390976,391622,392305,393220,394049,396280,397841,398341,398415,398354,398476,399720,401610,404049,405317,406463,407024,407439,408244,446050,447890,450530,452840,455030,456880,459840,463030,468770,476320,480480,481590,480280,593904,592319,588819,586734,585628,584479,584181,585085,586223,589319,592564,596926,652774,654802,656208,656472,655708,657179,665679,669858,673406,674415,675151,677453,680226,686179,689066,691019,692849,695896,864442,869689,876267,879670,881262,882126,882004,881426,880786,880830,881204,879859,877408
중랑구,318378,318784,319730,316689,313919,310743,309243,308743,307986,307176,304176,301622,300176,297500,296878,296714,298608,298068,297081,296797,297595,298851,299095,298081,296329,296474,297395,298474,297789,297303,296895,296579,296816,296921,297211,297355,297434,297737,298132,298579,299263,300013,302882,303921,305211,307513,310539,312184,312566,312842,312816,312882,313132,313303,313447,313882,313325,314025,314863,315125,315100,315075,315150,315525,316425,317288,318113,318988,319063,319388,319938,352375,353115,354219,355302,355781,356958,358656,360531,362083,366052,368031,368521,368500,444432,443932,443193,442682,442545,442318,442080,442398,442989,444489,446216,447364,451372,452181,453085,453660,453798,454000,458202,461213,463415,464234,465032,465979,467638,469957,471404,472968,474011,476457,638929,644734,649806,652286,654594,655869,656223,656400,656097,655840,655669,655286,654286
성북구,376894,375723,375298,375096,374862,374085,372872,371798,371096,370489,369745,369745,369468,367521,365394,363223,361638,359585,357947,356713,356309,356660,357128,357713,362592,362776,364031,364163,363735,363153,362724,363092,363694,364224,364561,364857,365092,365561,366061,366990,368520,370153,384367,386051,388122,390806,393939,395500,395602,395602,395602,395612,396204,397173,398367,400061,401898,403857,405378,406714,407439,407439,407398,407255,407357,408439,409480,411531,412469,413684,414724,445000,447027,452582,459909,463073,466691,469409,471745,475355,482518,485500,486845,486691,558217,557349,556443,554915,554453,553868,553717,554217,555113,557019,559651,562491,589518,590634,592536,592268,591607,591839,597393,601402,603741,604429,605696,607089,608661,611143,613348,615545,617679,622402,819598,826170,832738,840638,846952,848550,847808,845345,843943,842969,841939,840437,836428
강북구,344750,344583,343400,339750,339367,338600,337858,337450,336133,334617,330567,326217,323917,323150,321933,321017,321433,320583,319050,318017,317133,318067,318283,318283,318317,318583,319050,319233,319050,318783,318717,318733,319300,320267,320800,321100,321167,321933,323000,324300,325133,326433,334683,335917,339800,342600,344967,346250,346317,346317,346350,346417,346650,346950,347417,348683,344125,344953,346172,346422,346422,346359,346359,346297,346844,347969,348969,350141,350547,351172,351797,383500,385643,387071,389143,390486,392986,396257,400214,404886,412929,417014,418629,418743,478758,478576,478030,478076,477727,477545,478667,479545,480848,482591,484242,485515,495000,496847,498750,500042,499917,500583,508569,512236,513611,514361,514944,516681,518278,522319,523861,525222,526583,530847,692066,696157,699603,702050,702711,702793,702777,702132,700545,700116,700190,699215,695116
도봉구,319740,319438,318854,318250,316375,313971,311156,307969,306375,300865,297250,294219,291208,286948,286115,286313,286177,285188,283219,281781,281552,282979,283125,284135,285635,286250,287333,287542,287083,286583,286854,286698,286979,287688,287990,288667,289167,289521,290333,290500,291458,292927,299021,300469,302594,304198,306573,307573,307792,308031,308063,308344,308573,308938,309385,309885,310531,311490,312875,313375,313396,312958,312927,313365,314333,316458,317948,318792,319302,319844,320792,349436,350782,351909,353036,353909,354755,355809,356991,359100,365191,368391,369300,369064,431198,429811,427830,427255,426519,426066,426387,426802,427491,429009,430670,432802,420883,422419,424285,425803,425829,426723,432455,435491,436295,436875,437402,438554,440214,443920,447009,448964,451598,455955,667923,676167,681606,685023,687063,687760,687538,687023,686023,685172,684805,684602,680760
노원구,287444,287106,285711,283338,280944,278549,275965,274514,273458,272866,271556,269986,268514,267768,267585,267676,267824,267810,266866,264225,263162,264599,264683,264845,266056,267437,269120,270042,270204,270049,269866,269690,270768,272211,272535,272627,272873,273824,275761,278732,280577,282514,293000,295056,297190,299239,300817,301606,301725,301810,301859,301986,302085,302394,302930,303697,304662,306289,308239,308718,308690,308718,308887,309324,310768,313648,316880,318401,317746,317972,318310,361606,362431,363675,364925,364975,365163,365706,366313,368413,374400,377194,378144,377669,445903,444779,443591,442091,441760,441604,441857,442292,443195,445448,447370,449487,467222,468846,470932,472685,472710,473617,480086,483210,484531,485395,486340,488586,490833,495278,498951,502623,506691,514914,695432,705035,712228,718152,722041,723905,723242,722215,721405,721111,720231,718853,714742
은평구,355486,354135,353041,352770,350473,349595,349324,348649,348392,347905,347635,346946,346473,345054,343986,341189,340243,338676,337730,337351,337243,337905,339203,339446,351538,351638,352000,351775,352063,352388,352088,352413,353300,353700,354288,354688,356125,356350,357350,358650,359213,360513,368950,370775,372125,373763,375525,376300,376600,376825,376863,377150,378238,379025,380363,381363,382725,384438,386188,386975,387513,388488,389388,390613,391800,394100,395538,396850,397200,397538,398450,437267,438344,440122,441544,442456,444189,446244,448389,454478,463311,467011,467200,467411,537430,536907,534256,533384,532919,532756,533233,533256,534337,536500,538756,542267,601337,602496,603490,603612,603653,603929,610286,613449,616367,617337,618031,619663,621398,625051,627041,629459,631561,635510,797275,805220,812560,820038,826791,827077,826275,824308,823192,822973,822615,821082,816385
서대문구,371135,369135,368206,368278,367049,366135,364492,363492,360849,357978,358583,358586,358329,357714,356643,357871,358229,357771,356914,354571,354286,356157,357300,358257,357814,358986,359743,361271,361000,360943,361114,361271,362271,362557,362671,362814,362929,363414,364543,365914,366600,367929,372943,373829,375414,377629,379129,380200,380743,381114,381271,381614,382400,383543,384571,386357,387743,389429,391286,392171,392700,393043,393786,394800,395914,397686,399143,400114,400714,401357,402343,485000,486250,490636,494625,498807,502409,506659,509227,512682,518830,522386,522864,522523,611583,610369,609167,608321,607167,606512,606607,607619,608571,611119,614726,618262,643739,644826,645804,645533,644891,644891,651022,655065,657641,658402,659000,660500,662261,664859,666489,667728,668935,672652,914506,919218,923718,932420,938879,940270,940121,938408,936632,935920,934552,932753,928891
마포구,512887,512185,511173,510423,509554,506613,506244,504101,502607,501964,501583,500655,499905,499774,498190,497167,497381,498083,497655,494214,493512,494583,494702,494583,495881,496512,497643,498048,498369,498655,498607,499083,500488,503274,505417,505857,505372,505570,506395,507721,508709,510488,521547,522791,525140,527895,529930,530884,531465,532105,532209,532337,533093,534709,536826,538744,537867,539678,541856,543033,544056,544611,545633,555756,558067,561656,564367,566822,567544,568533,569989,649804,657137,669735,679882,685598,690108,694255,699186,709520,721176,725461,725853,724912,839735,834480,832796,831367,830786,830745,832408,835071,838031,845745,852337,858827,986221,988750,990308,989048,985192,984317,998962,1004481,1007385,1010106,1011298,1015510,1019750,1030865,1036260,1039510,1043577,1054750,1134507,1144094,1154232,1168941,1179877,1182064,1181567,1180517,1179320,1178729,1178315,1177153,1172837
양천구,582373,582127,580794,573216,570520,565588,561176,550431,547118,544216,542431,537716,532578,530078,529020,532010,531657,529598,524882,521657,521706,523833,523971,521873,524647,525196,526020,524451,524794,523833,523098,523059,528157,534461,535422,535735,535971,537951,540451,544804,549931,554196,574010,575990,579529,581706,583559,586333,586667,586863,586569,585902,586225,588882,591333,595245,599725,605961,611667,611706,611853,611314,611235,611353,613225,622804,624245,629471,628431,629275,634333,683450,705708,718667,721208,718308,717350,715925,717292,726267,742283,744592,744692,743642,808806,804463,798612,792164,789597,788881,792022,793000,793649,799910,807642,827381,876286,876079,876279,875343,873414,875407,884850,889929,893000,893800,894514,897150,900700,906261,912611,918546,925554,934686,1196524,1202141,1208153,1212415,1216395,1218141,1218153,1217431,1217298,1217758,1217782,1216758,1215899
강서구,397588,397343,395461,392147,385578,382098,378765,376333,375127,372853,369912,368029,364657,362137,360784,361598,361833,360667,358676,357216,357382,359363,360637,360127,357145,358491,359355,357155,355973,355627,354955,354100,355400,356355,356364,356591,357000,358118,359682,363236,365282,368364,399309,401691,404136,407336,411391,414891,416309,416782,416991,417373,418127,419227,420882,422600,437678,440644,444110,446254,447178,447771,449339,451322,453686,457975,460483,464153,464000,464458,466839,479766,481953,489414,496055,503773,506711,508195,510414,514484,525992,529813,529859,529313,583185,582395,581177,578968,577355,576395,576169,576645,577379,579476,583266,588250,615250,615932,616598,617386,617000,617136,623697,627288,629871,630788,631848,633348,635697,638765,641561,643379,645197,649356,849210,858741,870094,878239,885173,887913,888983,888476,887454,886393,886216,885101,882980
구로구,351344,350573,350500,350000,348365,346667,345240,343083,341771,340823,339365,337875,335354,334323,333740,333990,334281,334167,333208,332417,332792,334083,335115,333969,334102,334949,335133,335255,333408,331929,331010,330622,331776,333745,335071,335092,335592,336031,336643,339633,342673,345847,352745,353959,357316,359745,361704,363500,363929,363316,362898,363480,364102,365153,366663,368306,369694,371357,373245,374388,374980,375490,376520,378204,379735,381653,383306,385265,385837,386980,388745,421302,424241,427845,429871,433267,436086,439517,442216,444526,449397,451672,452216,451836,526882,526518,526355,525373,525009,525009,525191,525691,526582,528918,532273,535682,553669,555398,557297,559042,560483,562559,570017,573797,576415,577288,578212,579432,581500,584275,586347,587924,589737,593008,665836,671066,677414,683172,688553,691352,691836,691471,690980,690512,690299,689727,688158
금천구,282328,283190,282241,281897,280690,280086,278879,275862,274172,274362,274414,274190,273241,272241,271672,271810,271983,270190,268121,266707,267138,269293,270172,269879,271638,273431,274034,273534,273276,273000,272793,273103,273672,273948,274121,274017,274034,274534,275345,276672,278241,280069,291345,292414,294828,296172,298000,299552,299862,300172,300414,300931,301517,302138,302707,303569,304534,305914,307483,308069,308431,308948,309741,311379,312914,315241,316276,318741,318707,319052,319517,348229,348900,349257,349971,350671,351871,352957,354171,356529,361414,363686,364329,364400,404297,403906,403281,403016,402859,402859,403266,403594,404125,405625,407875,410234,514411,514666,515526,516397,516756,517782,521923,524231,525885,526526,527038,527949,528897,531090,532372,533577,534910,538564,638543,641853,646434,651938,654875,654588,654596,654286,653968,653751,653247,652860,651526
영등포구,541840,541255,537500,535787,534660,530277,524787,517926,512574,507904,501628,498128,492112,489803,489378,491580,492160,487340,482734,480606,481628,482064,481904,479436,472469,473958,477167,477896,478458,477490,477250,478198,479385,480313,482344,482542,483323,484083,484979,487406,490333,493823,502760,504281,506688,510240,513510,516521,517323,516979,516677,517156,518052,519229,521198,522344,524469,527219,530646,531844,532448,533042,534104,536750,540313,547521,551052,554240,554708,556396,558677,586341,589568,596145,599964,603891,606636,608955,614636,625436,639600,642873,643909,643364,777065,775287,772435,771306,769769,769528,770630,771861,773546,778546,784352,790361,811102,805448,806083,806032,805485,806553,815280,820331,823466,824356,825407,827110,829424,835983,839661,843220,848780,856695,1139713,1147357,1156448,1163800,1168135,1170000,1170574,1170152,1169109,1168952,1169404,1169435,1168826
동작구,494561,493439,492037,486354,484256,482732,481378,472561,464451,458927,454927,451305,448610,446902,446866,451220,453585,455488,452805,451110,453000,456207,456634,455976,466674,468279,470593,471116,471384,471733,472163,473186,474581,476326,476942,477163,477547,478395,479791,482174,484279,487221,494116,496000,498523,500395,504477,508023,509035,509640,509640,510035,510884,511837,513267,515547,517535,520419,523628,524186,524395,525326,526640,528709,531058,534523,536721,541837,541907,542930,547616,635190,642030,648350,654800,660570,666840,670710,675720,684200,702310,705200,704200,702530,807327,804143,799714,794531,791704,791071,792908,793969,795327,799561,806469,819582,835058,836250,837442,837192,836577,837298,844644,847923,849327,849827,850404,851606,854606,860038,865644,870644,876106,888529,1065149,1074886,1085873,1095958,1103453,1108527,1109109,1108637,1107632,1107612,1108303,1108537,1107891
관악구,393049,392874,387448,385136,382249,380037,380300,376175,375025,372936,369138,366925,364913,363175,362775,364463,366400,366200,365588,364925,365325,369788,371350,371475,372100,373013,374000,373338,372713,372375,372088,372363,372963,373700,373913,373888,374613,374838,375388,376950,379100,380888,384063,385625,387825,390763,393450,394675,395125,395650,395925,396775,397650,399275,400825,402400,403675,406000,408800,409688,410388,410988,411763,414000,416425,420100,422000,424063,424563,425363,426563,421870,423337,425228,426630,427467,429576,432283,435630,438293,443739,445891,446076,445815,496558,495651,494651,493430,492686,492360,492174,492419,492965,494407,497023,500186,510957,511435,512663,514283,515196,516554,523196,526967,530511,531663,533272,536359,539489,545370,549120,551587,553707,558848,745299,753247,759655,765529,766920,766994,767126,766649,765925,765460,764816,764517,763195
서초구,972183,961583,962170,953635,949120,941129,932102,927546,925111,922866,921460,915301,907574,904694,905830,905132,906132,904462,892396,885274,883085,883632,883009,882104,877917,880620,883250,887130,886546,886519,887352,888704,893324,896741,897769,897898,898250,901769,909315,918815,931222,939231,1002713,1009361,1018472,1025407,1029954,1034769,1036954,1036435,1035491,1036676,1039861,1047250,1052657,1056917,1046421,1057921,1062825,1061228,1059526,1063561,1106684,1110421,1114579,1128728,1134754,1137430,1135360,1135912,1140860,1275688,1306195,1346953,1352734,1352148,1348648,1346188,1346086,1357820,1394578,1402102,1398398,1394773,1555515,1544321,1536679,1527799,1524067,1523590,1527097,1531560,1536963,1546149,1559873,1594724,1775269,1776966,1770507,1750110,1731616,1732849,1751014,1757795,1759164,1759747,1761322,1771322,1783411,1797521,1807781,1818192,1834199,1873390,1983714,2006381,2035696,2060762,2084527,2094883,2096275,2096253,2097930,2102201,2070784,2073128,2075300
강남구,1050728,1047151,1038625,1024038,1018219,1007127,1001459,985563,969881,957340,952200,928154,912800,906992,907515,913346,919815,914223,907338,901154,904262,906008,905923,904523,906300,911631,918146,916385,915708,915323,916669,920377,926831,929585,929446,928315,931631,938738,949238,957177,963723,973223,1047077,1055331,1062215,1066931,1061154,1064085,1060831,1058246,1057638,1060277,1066423,1077423,1085531,1093600,1098788,1114773,1117462,1114144,1110273,1109992,1114061,1116614,1122667,1139932,1143568,1152538,1150038,1153644,1163045,1366704,1418398,1454511,1466210,1466237,1463059,1455855,1449339,1460570,1495366,1501737,1502559,1493269,1617961,1600129,1586730,1582011,1580775,1581596,1584787,1589466,1593747,1611242,1630096,1678062,1758527,1755204,1749409,1732086,1714102,1714914,1731527,1738333,1741538,1742161,1742968,1748478,1757349,1768618,1760156,1772882,1789457,1818801,2196672,2218407,2249256,2275295,2292907,2304003,2305732,2304587,2305295,2309428,2311539,2312319,2311575
송파구,773923,764754,755426,751914,748311,734421,720736,713228,709017,703347,701119,696151,695595,695325,697587,720216,723207,719293,714276,713000,717603,727457,728086,730009,722548,724429,727929,728643,727667,727381,727810,728540,731571,735190,734659,734103,735460,737246,740667,745929,749357,753151,780437,783905,786341,791175,793817,797198,796921,796762,796706,797167,798460,801286,802984,804294,806766,812469,817086,816219,815391,816141,818367,820930,824211,837969,840719,848953,850578,861969,869672,984764,1032208,1056965,1068264,1067938,1063993,1056972,1052486,1062549,1077813,1083326,1070514,1063479,1113576,1107382,1100618,1098257,1098146,1099660,1102847,1104521,1106472,1118417,1130090,1166361,1256877,1251701,1245727,1235416,1234545,1240305,1260838,1265377,1266416,1266792,1267214,1270682,1279766,1292870,1301260,1310260,1321318,1341981,1606536,1625248,1648966,1670424,1684514,1690684,1691359,1689712,1689183,1689046,1688316,1686892,1683774
강동구,503029,502039,496961,495588,493775,488451,481824,469510,458431,455225,454412,453265,450912,450186,450843,451088,453422,452098,449373,447529,447892,450873,450725,450039,450088,450745,452118,452029,450853,450814,451392,454412,459618,464461,465275,462382,463137,466235,471363,479637,485431,490667,492441,496098,499186,503137,506451,505853,503922,488490,487667,489755,491882,473118,475118,478814,483549,491647,494422,493765,492637,494402,494775,495314,499784,511471,512069,515510,514353,516529,518314,561013,572700,594793,602720,604327,603973,605960,607187,611693,635327,640220,640713,639167,735167,728643,721690,713683,706183,703675,702968,703944,705429,711976,719000,740921,787716,787881,788179,787343,785164,784776,796149,798575,800418,800806,801209,803306,807813,813870,817990,821482,825448,835836,988594,997388,1008121,1017067,1023500,1026442,1026094,1024893,1024241,1024603,1024768,1023576,1022424
과천시,652174,654130,648804,638804,637935,635326,627283,615217,602065,587391,586739,588696,585217,582500,582696,594587,597109,595565,593457,590500,590609,595435,596522,601239,604609,608739,617217,619652,619304,618457,618457,620087,624022,626587,626500,626500,622583,623229,623417,627146,629813,632917,659229,662979,669479,672250,666875,667000,667000,667000,667000,667958,671583,677271,681875,682250,776706,778294,778941,778971,779029,779088,779529,779235,779941,783382,784559,789706,789176,789000,789235,850625,862396,894063,900729,905729,906979,906146,906146,910000,948438,961563,963021,961771,1138229,1135292,1123646,1106417,1097583,1103500,1119833,1141229,1152688,1173167,1202104,1244646,1277104,1274688,1273625,1271167,1259229,1252208,1260208,1270396,1276354,1277958,1278688,1292229,1310583,1330208,1340167,1344000,1349292,1368271,1626438,1643766,1650594,1656266,1664891,1672172,1672094,1671281,1667313,1662656,1658625,1655625,1663984
만안구,272092,271987,272184,272289,271757,270928,270539,270066,269408,268039,266921,266539,266217,265901,263184,262382,261263,261092,261487,261224,260842,262158,262579,262539,264092,265368,266000,266553,266855,266658,266539,266776,268118,269250,270066,271842,272355,273908,276132,279289,281737,283553,289842,291697,292974,294132,294829,295237,294934,294697,294855,295684,296355,297434,297934,298224,299039,299750,300105,300132,300066,300079,300066,300263,300303,300697,300934,303105,304421,305776,307434,353636,354909,356273,357284,358307,358489,358920,359034,359909,362864,365205,366045,366114,409660,408287,407106,403926,402489,400649,394383,395298,396787,400149,404883,410309,437979,446260,455604,462646,467646,471521,474844,478177,481406,484042,487042,490542,497604,507833,518656,530542,537375,550469,549667,561500,571232,580415,571361,572918,572836,572005,571158,569419,568987,567993,567408
동안구,341855,341555,341118,339991,337045,333609,330400,327318,323991,320845,317827,316727,313873,311473,311045,310600,309809,309045,308573,308391,308827,310309,312055,313664,314264,315818,317845,318718,319873,320200,320800,321045,324000,325118,326691,327155,327791,329345,332618,339209,343300,346591,360409,361682,362145,365345,366945,367291,367036,366782,366400,366445,366709,367991,368527,371355,371809,372409,372709,372891,372827,372782,372864,373145,373391,374055,374664,376700,378655,380818,383255,429056,430770,433381,436111,438484,439683,440643,441849,443897,449508,455302,456198,456397,512715,511038,513938,509185,505669,504277,502654,502900,505785,508362,511292,520592,534326,542152,555833,563333,567515,571697,576621,580114,584455,589689,595333,601614,609636,621727,635394,654000,678811,720886,759056,784856,801540,818930,826456,826358,823940,822540,818975,818211,817677,816621,814993
수정구,310845,310845,310786,310476,310500,310238,306948,305519,303162,301852,298733,297781,296686,296210,295448,295852,295357,294929,294214,293738,293929,294738,294452,294310,292810,292500,293357,292524,292548,292619,292286,293048,293738,294024,294357,294881,294905,295262,296071,297286,299048,301857,317452,318095,318905,319595,320095,320762,321214,321429,321452,321381,321643,322048,322881,326714,360870,345174,345652,345565,345522,345804,346022,347000,348065,350283,352652,354913,355761,356761,358087,473871,474000,480903,490435,494016,497645,499532,500048,500548,508903,513177,513210,510210,672049,665037,655598,650720,650683,650073,653012,657049,661049,669683,681012,697098,868940,872690,876167,879821,884798,888488,899095,909167,917083,921774,925631,934119,947262,964202,976190,982988,988357,999452,933382,944718,954443,964523,968156,969359,969221,968687,968183,967305,966347,965557,964466
중원구,264000,264000,263093,262806,261839,261500,260733,259726,257911,256189,254335,251687,250020,248131,248298,250669,251685,251278,250722,248981,248241,249944,250130,250278,250944,251093,252056,252241,252037,252056,252019,252204,252500,252907,253333,254093,254315,256889,257759,259426,260370,261926,287613,288661,290097,291048,291887,292629,292952,293081,293113,293065,293113,293339,293500,293726,293952,294226,294694,295081,294952,295016,295339,295726,296113,296694,297532,298468,298952,299887,301516,332457,333186,334871,336986,339243,340357,341257,342271,343886,347943,350286,350743,351900,401426,400824,399662,399250,399103,398985,399162,399559,400559,402750,404471,406279,418147,419985,423015,425574,426574,428824,434588,441515,447926,451191,455500,460368,464868,472500,480904,487007,493125,501853,730653,742597,750710,755065,760024,762242,761427,759903,759629,759565,758153,756444,753806
분당구,571672,569569,566838,564527,562783,558689,554285,549406,543838,536229,528925,521627,515190,510206,508183,508849,511738,514032,512159,509960,509611,509302,508278,509389,507127,508635,511825,512310,511905,511714,511603,512770,515183,518603,520127,521325,522032,522802,524246,526405,527524,528794,565167,566389,568016,570246,572230,573190,573643,573802,573802,573833,573698,573976,574381,575087,575365,575841,576532,576738,576675,576833,577484,578437,579397,581127,586024,597587,604595,608365,611413,682664,695699,721637,735781,744377,748267,749651,750192,752342,768699,772342,772240,769349,854676,848622,842554,837473,833392,831818,834709,837068,841128,848804,857108,866831,921324,921196,920216,917872,916459,915953,926750,938453,946007,951331,964284,981250,1000182,1014649,1019088,1022264,1026304,1030865,1316521,1331518,1342967,1351116,1358259,1361571,1362077,1361449,1361021,1362074,1364295,1365789,1365783
군포시,290792,290844,290844,290740,290740,289729,287250,283552,277250,275385,273802,270583,266792,266531,265813,266427,266406,266885,265240,264302,265833,268531,269344,269615,268083,269146,270896,269792,268219,266917,267333,267542,269604,269938,270500,271302,271917,273625,276094,279271,281271,283042,300575,302160,304019,305575,307198,307821,307689,307557,307302,307358,307802,308198,308821,309472,309745,310057,310330,310425,310387,310349,310387,310594,310736,310991,311198,311821,312387,313094,313736,329579,329333,329289,329246,329105,328789,328702,328579,327789,329746,331439,332474,332333,348573,348218,345818,342564,339436,336573,334964,335073,337364,339500,340091,343545,347884,351670,372098,386643,391866,394009,396438,398045,398652,399116,399652,400911,404214,415161,424027,433857,447214,470143,531673,548843,563190,574855,582855,586101,585581,585093,584609,584839,584964,585343,584685
의왕시,320598,320285,319004,319004,317738,317862,317485,316000,313905,311156,307391,305469,300250,297031,294313,293625,293750,294656,292813,292063,292500,295078,296891,298500,309235,313441,315015,315397,317338,317456,317794,320456,322294,324294,325926,326015,326206,328103,329529,331603,332779,334765,341735,344471,346015,348735,349882,350838,351221,351279,351265,350647,350500,350441,350515,350956,351206,351471,351985,352250,352603,352750,352676,353235,353412,353176,353750,354191,355029,355691,357221,382738,384788,385663,386538,387413,388163,389225,389975,390938,394063,397538,398538,398788,430141,429231,425513,421872,416795,414295,413577,413321,415449,417551,421167,432462,461138,466150,473900,481513,486500,490375,495438,499913,506688,511213,514225,519100,528213,557315,579038,598775,616700,637225,758107,780065,796423,810506,818595,818107,817530,816679,815423,813179,809083,804524,794810
안성시,140095,140095,141500,142257,143216,144135,144878,145608,146581,147270,147622,148155,148493,148453,148399,149304,149676,149946,149986,149986,150405,151284,152209,153054,156103,156949,157436,157327,157532,157585,157678,157883,158510,158805,159254,159795,160314,160897,161112,161486,161717,161626,161968,162891,163979,164896,165669,166079,166138,166126,166077,165933,165685,165764,165914,165965,161513,161438,161322,161260,161235,161153,161071,160920,160786,160490,160379,160059,159397,159315,159071,145639,145573,144584,143304,142013,140135,138712,137578,137077,136845,136384,135280,134049,148100,147830,147610,146805,146150,145410,144750,143490,142885,142520,142340,142275,150091,149759,149792,149821,149726,149915,150906,151000,151226,151533,152071,153005,154939,156967,158863,162019,163491,168849,191982,197525,202433,207424,210795,212867,214595,214838,215692,216010,215672,215875,215705
처인구,194310,194310,193276,192517,191931,190983,190069,189486,187879,185983,185310,185362,185034,184534,184103,185224,185190,185776,183966,183879,183483,182983,182224,182862,182103,182207,181810,181155,180776,179569,179397,179948,180259,180586,179914,180276,180103,180172,181172,182466,183448,184052,186810,187483,188379,189397,190052,190517,190724,191000,190966,190983,191121,191155,191293,191379,191483,191621,191655,189431,189431,189379,189379,189379,189241,189345,189414,189293,189314,189107,188900,180972,180736,180194,179764,179236,178833,178597,177986,177181,177153,176917,176333,175750,184213,183925,183713,182988,182838,182688,183288,183913,184338,184888,185288,185713,198051,198398,199510,200102,200653,202051,202847,204235,206133,207816,209561,212235,214102,217776,220051,223398,226357,233051,326114,331944,335857,340635,343897,345599,345584,345488,345415,345121,344893,344629,343750
기흥구,341083,341083,341083,340627,340329,340324,340324,338852,336700,335018,333684,332211,330491,329298,328526,328439,328298,327553,326711,325877,324974,324886,324526,324474,324140,324246,323632,321649,320719,320789,320807,320842,321044,321447,321509,321588,321930,322526,323333,324544,325079,325868,325035,325833,326921,327798,328518,329044,329325,329360,329395,329307,329263,329263,329219,329254,329281,329404,329526,329561,329544,329456,329474,329526,329500,329482,329509,329561,329789,330088,330228,334787,334956,335257,335846,337787,339684,343515,346324,348941,356015,362684,366890,367662,371310,370500,370049,366620,365275,365268,364796,364937,365606,366401,367894,370514,390082,398466,410507,414630,416514,422842,429130,433849,446096,448459,455356,462630,471301,482925,491384,497185,501075,512253,640642,655543,664739,672415,677481,678748,678944,677991,676484,675347,673065,671024,668668
수지구,424237,424153,421373,419763,417127,413983,412161,406407,398703,393237,386593,381517,378636,376814,375831,374966,376432,378390,377983,376576,376288,376703,376983,377356,379364,380585,383619,382932,382492,382254,382602,383025,384458,386229,387246,387814,389356,390661,391627,393127,394314,395525,425542,426407,428017,429949,431347,432153,432669,432669,432669,432636,432568,432500,432517,432585,432636,432873,433093,433093,433136,432975,432839,432653,432314,432280,432186,431949,431881,431678,431186,441559,441279,443184,447125,453522,455868,456360,457051,459110,466397,473897,478676,480662,507371,506843,505543,501793,499257,497271,497093,499164,500379,501250,504536,512200,533655,553627,571796,579239,582803,589676,597134,607894,621514,629831,637063,645239,656486,671155,677634,684930,686697,692261,883444,898000,910921,921805,928524,933475,933564,931357,927931,924250,920740,917211,913498
장안구,243036,242606,241455,240908,240234,239088,238073,237130,235509,235053,234237,231945,231259,230556,230192,229884,230163,229628,229337,228570,228244,228640,228988,229209,229163,229302,229581,229628,229419,229465,229465,230849,232186,232733,233128,233360,234326,236837,238884,242186,244000,246023,256686,258733,259895,260733,262116,262547,262895,262640,262500,262407,262291,261988,262012,262186,262302,262570,263209,263337,263384,263523,263756,264186,264477,264930,265267,265500,265721,265802,266140,297912,296873,296118,296137,296206,296098,296020,296039,296020,296157,296608,298441,299931,309029,309019,308942,308596,307837,306885,306606,306913,306952,307250,307462,307404,328885,338394,356135,361615,362500,366644,369981,370923,371760,373058,374337,375462,376808,380019,383654,385990,388856,396452,521292,532208,541745,548165,552505,554222,553953,553571,553075,551519,550217,549189,548024
권선구,226405,225869,223774,223203,222096,220191,219846,218977,217202,214477,213679,213607,212710,211995,211512,212036,212274,212857,213131,212333,212667,213131,214048,214786,225989,226333,227089,226811,226900,226922,227167,227667,228744,229456,230389,232022,233211,234333,235633,236700,237344,239133,245578,247433,248767,250156,251433,251911,252011,252033,252000,251911,251500,250844,250867,250789,255000,255229,255896,256115,256094,256281,256740,257031,257500,257729,258271,258396,258688,258958,259375,270182,270000,270045,269582,269427,269264,268673,269045,269055,269973,271755,272364,273164,284974,285155,284724,283983,283509,283147,282845,282914,283224,283353,283707,285595,318653,339907,363305,367229,367805,370805,374390,376483,378025,378958,379712,382314,386492,391542,397424,405763,409746,423110,479586,490133,498888,506361,511040,512791,512189,510988,509884,509394,507273,504731,502161
팔달구,262316,261630,261583,261583,260599,259708,258855,258378,256938,256461,256225,254133,250680,250169,248763,248875,248891,249594,248578,248250,247750,248109,247750,248906,250094,251484,253375,253172,252813,254266,254563,255859,258188,259000,260047,261172,264157,265657,266229,268443,269743,271686,271638,273000,273463,273750,274125,274325,274288,274363,274363,274138,273850,273863,274075,274288,274350,274788,275475,275913,276113,276275,276638,277213,277650,277975,278450,278863,279138,279338,279788,295211,296316,298184,299684,300724,300803,300987,302263,303500,305145,308421,312329,316197,330486,330351,330851,330378,329514,329068,328446,329311,330500,331311,332797,337919,360986,380649,400824,406351,413189,418838,424743,426919,427919,428351,429351,431014,434986,443243,448486,456838,463419,475946,526752,539863,549043,559604,564058,565506,564754,564258,562063,561283,560852,560534,559390
영통구,287703,287693,287616,284306,282756,280926,279946,279017,277837,275538,273880,272400,270170,269190,268190,267740,268140,267860,267480,265670,265360,265520,266830,267460,287269,287824,288648,288889,288769,288759,288935,290250,295685,298352,300648,302546,303889,304898,305926,306222,309769,311917,350381,350627,351695,353229,354042,354525,354712,354949,355288,355203,355237,355034,355161,355246,355314,355602,356068,356466,356720,356873,356890,357059,357178,357381,357661,357966,360602,361466,361686,372587,374143,377333,380992,383690,386357,389365,390937,391444,393992,397079,398857,400397,428129,427593,426736,425850,424236,423850,425486,427607,429857,433057,438407,450314,499845,528211,549901,553754,555338,562507,571035,575754,579549,584577,588099,594134,604282,618775,628507,636415,642310,654507,783300,797160,807867,820323,826877,827507,826857,825923,823473,820537,816437,812617,806927
부천시,264784,263646,262913,261679,260055,258918,256999,255914,254050,252128,251166,250246,247520,245692,244388,244399,245124,244901,244571,243274,243147,245440,246606,247428,252386,253173,254194,254212,254517,254902,255231,255488,256218,256903,257289,257647,257958,258473,258980,259593,260355,261729,268723,270089,271635,273592,275021,276048,276456,276573,276515,276571,276720,277264,277943,278269,267676,267980,268319,268423,268342,268342,268265,268365,268742,269251,269745,270876,271623,272055,272750,289772,290346,291019,291395,291809,291654,292130,292728,293037,294377,299981,304469,304519,314024,313774,313750,313786,313155,313161,313726,314464,316113,318679,322327,324720,343335,345676,351371,355994,358671,362547,366676,370076,372088,374047,376318,380800,385494,394224,402965,412024,419288,431188,513393,526191,537419,546970,554570,557625,557393,556099,555445,554218,554215,553240,552345
상록구,224205,224205,224244,223577,223359,223115,220949,218487,217872,216744,216833,216897,216692,216154,214513,213474,214923,215308,215423,215154,215192,216846,217782,218962,220359,220923,222038,221167,220769,220692,220949,221064,223654,224769,225962,226897,228051,229000,232513,237141,239705,242372,251782,252692,254000,255103,256077,255795,255590,255410,255128,254872,254423,255256,255718,255897,256154,256513,256667,256692,256654,256474,256474,256449,256423,256397,256269,256077,256077,255859,255295,261556,260756,260300,259689,259211,257344,255867,252322,246267,244189,243344,242456,241156,242683,241728,241170,240170,240011,238307,238023,237864,238489,239761,240648,244909,254477,256727,263534,270580,274830,280693,284489,285545,285420,285466,285545,285932,287216,301614,314739,329943,340045,354818,415410,423506,432136,441904,448328,450576,451480,452310,452381,452139,452320,452122,451789
단원구,237167,237500,236631,237036,237202,236893,235851,235488,235071,235048,234667,233714,232036,231369,230810,230857,232143,232476,231726,231071,231031,231569,232036,232224,233440,235345,237143,237262,237393,237321,237583,237833,241821,242667,243369,244381,244893,245821,247869,251238,254643,257286,273310,275095,276643,279024,279690,281429,281143,280560,279095,276976,276810,277071,277262,277357,277733,278000,277933,277889,277800,277800,277800,277933,277622,277756,277822,278333,278600,278667,278267,289216,289137,288510,287902,286804,284824,282333,279108,274245,272990,272029,270863,269559,264150,263230,263120,262800,262400,262100,261870,261760,261790,262590,264260,267490,281796,283630,289926,299898,306407,315046,319296,321000,320546,320583,321537,322519,324565,334065,345444,365259,379815,400306,497710,509012,517248,525200,530389,532215,532134,531705,530427,529738,528922,528300,526262
시흥시,190944,191093,190667,190556,189361,187074,186046,185148,184324,184222,183324,182620,181344,179567,178974,178719,179089,179496,179630,179111,179389,180565,181028,181824,182130,182861,183593,183171,182435,182185,182154,182487,183910,184586,184936,185257,185665,186172,187537,189917,192250,193889,198306,199167,200556,202444,202806,202917,202731,202472,202250,202250,202324,202843,202926,203074,206875,207027,207125,207125,207170,207107,207143,207277,207647,207879,208004,209098,210045,210750,211223,219394,219167,218977,218773,218553,218182,217864,217447,216902,216826,217136,217386,217159,237831,237577,237000,235345,234542,233817,232972,232479,232662,232282,232585,232873,252934,256125,264336,273184,275283,277678,280605,281941,282125,282375,282789,285112,287770,294171,303882,318204,331362,351737,429004,440553,450293,457346,460858,461240,459100,456575,450491,447464,443227,438603,435950
광명시,312094,309177,309417,309167,308042,306875,305271,304333,303281,301396,300781,298417,296344,295990,292740,293281,294927,295771,295396,294792,295458,296271,298979,300594,304042,305188,308010,309156,309458,309271,309063,309750,312042,317240,319052,319990,321781,324500,327427,331875,338156,343458,356667,358854,360385,362385,365833,367875,369104,369542,369292,368833,368833,369521,370250,371344,372917,374646,376417,377125,377583,378104,378625,379417,380604,382990,384625,386990,387906,389052,390750,391018,391900,393482,394900,396264,397891,400145,402473,412800,428691,435736,437391,436609,498125,494446,488688,481741,475411,476527,483964,488839,494170,499902,506098,519000,562816,569877,580044,585289,587667,589947,598246,609632,618509,611851,617368,622605,629096,639272,649596,657833,664921,674579,796826,811107,822037,830620,834723,835058,834754,834498,834134,833142,831774,828522,823279
화성시,269162,269137,269131,267480,266079,265361,264583,262263,259453,257658,256720,255462,255011,254749,254448,255366,255992,255967,254623,253885,253525,254459,255041,255672,256459,256738,257549,257738,257869,257475,257443,257164,258369,258336,258844,258861,259443,260131,260484,261631,262328,262885,263349,263802,263833,264274,264861,265242,265258,265385,265345,265242,265282,265250,265298,265417,288342,288680,289320,289743,290165,290623,291004,291750,292687,293060,293461,292975,292905,292919,292792,291892,295849,296966,297700,298986,299347,300584,301532,303084,305494,308591,308429,308994,328841,328460,327381,325494,324545,323028,322670,322619,322966,323273,325449,328261,353651,361382,376292,383264,386066,391241,396245,400401,404604,408788,412358,414962,417113,422840,429325,435160,439934,450962,591092,608404,625427,636403,638763,637683,635970,632226,627631,623993,619898,615516,610991
오산시,220530,220530,220280,219438,218596,218293,218318,218119,217669,217620,217540,217643,217443,217029,216729,216643,216543,214857,213714,213029,212443,212557,212614,212757,214618,214618,215316,215013,214789,214711,214684,214934,216026,216697,217197,217105,217197,218329,218645,219237,219895,220250,221237,221276,221408,221842,222329,222763,222671,222671,222592,222447,222434,222408,222368,222447,221663,221888,222088,222138,222263,222288,222263,222388,222488,222475,222525,222425,222375,222325,222025,205122,203022,201844,200800,199233,197956,196933,195856,195467,195367,195356,194678,193967,206259,205759,205034,204491,203095,202828,202198,201983,201815,201642,201418,200754,205779,206328,214180,219320,222197,225770,228205,230311,231984,233434,236672,239730,242492,247000,251254,256213,260492,272893,376077,388739,400261,410888,416470,419027,419515,418878,416296,413112,411789,410381,406759
평택시,168540,168590,169000,170730,172310,173010,172990,173320,173150,173140,173480,173280,173170,172900,172641,172720,172649,172933,172597,172343,172152,172282,172422,172687,176865,177166,177336,177232,177350,177362,177322,178028,178377,178797,179467,179868,180502,180823,180922,181410,181962,182632,184495,184892,185146,185533,186080,186420,186439,186495,186495,186373,186373,186160,186113,186000,191491,191741,191955,192063,192045,192063,192098,192313,192375,192188,192223,191955,191866,191795,191286,200664,199724,199104,198478,197888,196918,194933,192597,191313,189567,188142,186754,186306,192442,192164,191543,189735,188133,186509,184435,183262,182614,182133,181546,180880,193599,193582,196679,198551,200011,202699,206500,208267,208574,208903,209369,210290,213051,216352,220295,225023,229483,239824,289958,299249,306813,314332,318096,320143,320234,319988,320241,321405,320763,321094,320441
남양주시,238545,237636,236106,234841,232553,230894,229288,227000,225152,224576,223258,222030,221326,220242,219485,219409,219682,219265,218689,218144,217645,218417,218627,218747,219344,219973,221094,221283,221152,220818,220591,220561,221068,221455,221689,221841,222000,222167,222720,223977,225114,226030,232008,232424,233394,234939,236470,237598,237773,237909,238045,238258,238333,238500,238750,239189,239568,240114,240755,240712,240689,240682,240682,240924,241182,241856,242439,242870,243158,243385,243688,277932,277593,277278,277642,277883,277667,277630,277593,277420,277673,278253,281352,281722,305442,305453,305274,305049,304729,304768,304549,305083,306099,306522,307163,308494,321247,324274,328538,333349,335597,339038,345522,353065,358398,361081,367247,374140,383527,397892,405898,410602,414581,422586,529074,540577,549431,558003,562947,564708,564871,564227,563615,562964,561969,561205,560158
구리시,312153,312292,311944,310208,309514,308389,306736,304569,301875,299583,295389,293056,287694,284625,282847,283319,284000,284458,283750,283444,283306,285500,286486,286986,287417,289194,289972,290597,291069,291139,290653,290972,291847,292639,293597,294083,294306,294847,296000,298111,299889,302014,315208,316361,318194,320139,321611,322750,322972,323000,322986,323097,323181,323583,324264,324931,325444,325833,326528,326625,326625,326708,326792,327000,327417,328431,329028,330194,330958,331681,332486,374686,375430,376209,376942,378558,381012,382593,383744,387547,397093,402733,408384,411570,424840,425394,425755,426245,425926,426660,427787,428989,431383,433755,438915,441521,461719,468479,487781,504438,512604,520500,529281,540885,549813,552844,555135,557625,563208,574438,583802,590938,597927,606281,684580,695096,703707,713133,718218,719473,719282,718755,718372,717181,716064,714787,713213
하남시,307414,307414,307414,307069,305259,300690,293362,283793,284310,283879,282500,280517,277121,276328,276121,276931,278879,278414,277914,276810,277586,281328,281414,280966,281931,283207,284431,284759,284379,284310,284207,284603,285828,288103,289000,288931,289414,290793,293621,301983,308017,312707,337500,338984,340694,342355,343339,343258,343145,342774,342694,342532,342000,341145,341048,341081,376365,376878,377257,377149,377068,377135,376946,376811,377824,380027,380527,383351,383459,384784,385527,460867,462889,468444,478111,483278,486833,487622,489367,491444,502256,506056,507100,506644,566398,561907,557000,548343,544926,540574,544815,549861,553565,560139,568509,581074,651784,654845,663241,664871,663819,670922,690698,706103,717353,723112,732095,740784,751940,769233,779233,783440,785802,788371,986646,996235,1001429,1005535,1009111,1009350,1007049,1004522,1001102,1000080,999212,996850,992341
광주시,262957,262914,262786,262581,262001,261037,260416,258889,258017,257260,256589,256446,255960,254517,254317,255403,255300,254986,254171,253386,252800,253014,253243,251343,250971,248071,246829,245186,243500,242543,242071,241814,241671,241914,242629,242700,242714,243371,244714,245986,247014,247986,250214,250886,251686,252557,253586,254100,254200,254314,254343,254486,254657,254886,254914,255129,255243,256014,256443,256700,256600,256514,256700,257329,258000,258157,258743,258886,259200,259757,259471,256560,256500,256440,256702,256083,255083,254583,254214,253536,253369,253179,253226,253214,278155,278036,277718,277518,277373,277064,276564,275555,275600,275891,276091,276909,286983,287483,287975,289208,291400,299375,305600,307217,309517,310883,312758,317358,321342,326700,332242,336400,339933,346150,472066,481015,486619,492381,496909,499041,499878,499954,499107,498883,498843,497675,492178
이천시,156144,156432,156417,156259,156421,156353,156000,155076,155288,154455,154045,153864,153864,154330,154602,155580,156145,156524,156539,156479,156888,157524,157764,158448,160100,160724,161545,161667,161545,161742,162136,162438,162892,163121,163606,164030,164288,165106,165848,167061,168000,168939,179030,179500,180379,181182,181667,182045,182348,182515,182652,182970,183388,183591,183718,183918,184300,184664,185106,185136,185076,185167,185318,185485,185545,185606,185500,185197,185348,185500,185303,184119,183905,183881,184119,184048,183810,183798,183821,183833,183536,183000,182690,181988,184866,183963,182817,181543,180598,179305,179037,178409,178006,178012,177780,177482,196751,196696,196810,196530,196625,196643,197077,197512,198214,198589,199077,199589,199994,202042,204089,206161,209048,212631,234101,237883,242275,246883,253114,257925,259936,262120,264986,267429,269503,272159,274446
여주시,160000,160000,160083,160167,160208,160000,160063,160231,159460,159396,158979,158896,159208,159125,158313,158021,159104,159104,159104,158979,158896,159521,160021,159896,145371,146032,147226,147032,147129,146965,146948,146981,146994,147058,147074,146897,150732,150771,150974,151132,151178,151372,154963,155006,155150,155441,155705,156005,156055,156136,156191,156479,157124,157561,157666,157909,158196,158546,158996,159063,159088,159075,159310,159536,159773,159931,160144,160238,160325,160488,160113,147058,146942,146750,146865,146865,146865,146673,146519,146212,145981,145635,144962,144135,140788,140519,139885,138615,137385,136538,136106,135644,134923,134356,133740,132952,133273,132692,132260,131837,131538,131538,131625,131798,131625,131260,130981,130913,131202,131767,132125,132375,132740,134433,159618,161700,163547,166253,168445,169356,169073,169115,169121,169580,170185,170601,171079
김포시,257383,257383,254505,252749,249829,247993,245958,243168,239901,237415,236339,234425,231634,230500,229988,229573,229976,228780,226695,225207,225573,229244,228976,229049,238219,241104,243323,242292,241771,242177,241125,240125,241469,242250,242708,242823,243961,245667,248186,252804,254980,259324,277704,278639,280722,282241,283111,283370,283287,283102,282972,282759,282630,282444,282389,282315,285310,286362,287164,287293,287086,286655,285897,285440,285672,286440,288164,289966,290716,292103,293578,304542,305542,306667,307258,306925,307058,307417,307292,306442,306275,307367,309900,310375,319535,319155,318887,318282,317676,317000,316394,315873,315423,314979,315183,315528,339200,339438,339944,340300,340188,340744,352906,355925,357219,358644,380519,397866,400341,404134,405922,406984,407397,408153,508922,514361,521571,531738,535084,536428,536473,536295,536147,536216,535590,533834,531967
덕양구,251462,251500,250972,249726,248066,246019,245283,243292,241283,240509,237953,236821,234934,233519,232038,230170,230057,229642,229783,229906,230660,232292,232887,233396,233575,233849,234642,235453,235358,234764,234792,235604,236528,238094,239236,240179,241321,243575,245387,247085,248274,249321,253991,256170,258585,260972,262160,262481,262368,262283,262208,262132,262311,262547,262764,263019,275268,277696,279446,279821,279732,279455,279491,279795,280152,280768,282304,285723,285616,285777,286045,314189,313735,313250,312538,312598,312758,312780,312515,312288,314742,320265,323462,324197,340082,339948,339545,338104,337246,336291,335097,334328,333828,333381,333522,334634,360868,362029,364603,369088,373059,377684,385507,390507,395507,399772,409985,424375,443838,463279,472735,478537,481544,487441,570903,580929,593912,603099,607712,609312,609523,608799,607344,606240,606120,604445,602399
일산동구,341573,341793,341366,340061,339707,339293,338335,336591,330573,327549,327183,324854,322695,318646,316659,312646,311732,310085,308756,308317,308915,310622,310463,311805,310988,310721,312407,313733,312849,312616,313395,315047,317314,321105,322512,323500,323904,325968,328617,330904,334202,336170,336147,338794,341971,344784,346294,346451,346529,346392,346147,345931,346039,346451,347176,347824,346755,350915,352991,353415,352981,352660,352632,353123,353642,354425,356736,359000,358651,358991,359830,379225,378157,377373,376971,376275,375706,374990,374206,373363,373578,373794,374931,373902,384360,384070,383500,382670,381540,380170,378510,377040,376210,376410,376620,378610,402569,403775,406451,409451,411667,415706,422480,426941,429451,432284,438098,449529,461882,477912,486657,491990,497069,506343,655754,666024,675562,684321,689511,691289,691309,690648,689919,691038,692105,692959,693177
일산서구,295385,295192,294067,291442,289288,285394,279856,271423,268904,266712,265192,264365,263596,261490,260096,258327,258221,258298,258481,258260,258269,258990,259337,260288,267972,269935,271907,272139,270981,271102,270806,271519,272741,273454,274194,274574,275065,276472,278185,280426,282407,284630,291241,292500,293204,295000,296333,297083,297120,297278,297231,296861,296898,297083,297259,297509,297833,299231,300389,300556,300398,300065,300037,300157,300454,300935,303444,307130,307065,307194,307537,325175,324667,324190,323802,323317,322817,322048,320516,318968,318246,318865,319262,318825,319911,319637,318790,317371,316008,314863,313121,310952,310105,309411,309073,310468,318040,318770,319230,319579,319810,321802,327659,331254,332452,334690,339627,351611,365952,379333,385532,388270,390484,395563,534321,542000,549511,555539,560007,560896,561382,560804,561307,561729,563500,563871,563200
파주시,241761,241761,238815,236750,235913,233402,229272,226228,224685,223152,222196,219880,218185,217413,216848,213717,213783,213000,212348,212424,213000,213620,214087,213946,218461,219814,221196,220304,218873,218549,217618,217167,218088,218941,219225,219265,219245,219784,220618,222069,222902,224235,223000,223964,225936,227891,229845,230800,230855,230882,230909,230873,230927,231136,231291,231645,237448,238103,239121,239181,238845,238405,238371,238603,238914,239207,240103,241440,241672,242250,243259,244992,244907,244924,245051,245119,245737,245898,245458,244288,242805,241737,241144,239136,241129,240508,240210,239629,239210,238718,237778,237036,236560,236181,236077,236052,263913,264049,263966,263928,263996,264186,270201,272799,274254,274458,278193,294792,306197,313576,316242,317735,319932,324538,387824,395079,400230,404394,407018,407651,408109,408366,408343,408161,408065,408264,405917
포천시,136652,136565,137109,137109,137087,137087,137087,136339,135439,134554,132913,132783,132207,132033,131978,132185,133250,134033,133967,133217,132478,132839,133428,133470,133022,133761,134391,134243,133904,133809,133552,133457,134009,134515,134587,134804,134939,134987,135422,136215,136685,137228,137967,138185,138804,139130,139783,139652,139543,139478,139448,139546,139833,140180,140320,140450,129929,130371,130791,130903,130810,130784,130804,130887,131510,131857,132265,132376,132475,132666,132872,137904,137779,137567,137308,136998,136056,135773,135487,135275,134958,134669,133735,133625,142648,142500,142111,142019,141759,141574,140852,140722,140278,140259,140259,140315,137357,137179,137179,136795,136571,136661,136866,136955,137188,137491,137750,138018,138339,139411,140420,141723,143464,147071,168966,172652,176090,178844,180909,181935,182304,182411,182363,182383,182291,181966,181735
동두천시,146385,146385,145077,145077,143865,143865,140192,138904,138519,135212,134865,135000,134077,131769,130481,130154,129865,129635,129038,128577,128404,128596,128673,128577,130731,130750,131365,131519,131212,130996,130735,130533,130667,130863,131106,131387,131431,131596,131769,132250,132558,132788,130233,130150,130167,130200,130267,130400,130383,130350,130317,130467,130667,130800,131133,131317,131583,131817,132317,132483,132517,132567,132570,132837,133278,133748,134038,134348,134508,134648,134863,140359,140375,140516,140422,140438,140313,140250,139828,139719,139750,139273,139156,139086,139758,139592,139565,139357,139173,139140,138750,138250,137833,137500,137133,136950,142435,142056,142169,142024,141694,141331,141153,141403,141532,141516,141435,141476,143419,147089,149935,152419,154855,159556,213228,218670,222529,224534,225195,224710,224468,224351,224187,223895,223373,222811,222004
양주시,167250,167132,166605,166217,166270,166270,164072,164072,161868,161737,159237,156513,152566,151947,151289,151763,152118,152355,151276,150408,150434,150961,151092,150882,150947,150724,150776,150421,150132,149750,149487,149145,149289,149401,149474,149592,149770,149836,150151,150638,150882,151513,152711,153382,154105,154961,155961,156421,156579,156776,156987,157434,157711,158211,158658,158974,159382,160118,160711,160842,160803,160816,160868,161000,161303,161671,161995,162470,162503,162634,162992,174867,174867,174944,174978,175078,174967,174789,174600,174133,173867,173754,173228,172994,182210,182210,181895,180530,179760,178730,177670,177120,177010,176440,176190,175900,193942,194269,194721,194798,195346,198644,199202,200202,201096,201962,203519,205625,214385,224827,228500,230058,231462,237096,293650,299596,305813,311283,313836,314107,314099,314044,314058,313637,312732,312015,310191
의정부시,216991,217028,216556,216111,215361,215213,212787,211611,211037,209602,208815,206806,205037,204000,202593,201398,201509,200926,199380,198491,198213,198463,198185,197815,197315,197704,198009,197593,197343,197213,197139,197065,197204,197574,197972,198222,198472,198731,199009,200148,200806,201917,203630,204787,205963,206880,207880,208111,208269,208185,208204,208611,209185,209889,210315,210769,211046,211676,212120,212315,212296,212306,212370,212630,213194,213611,214000,214333,214593,214750,215139,230735,230750,230773,230818,230818,230909,231015,231053,231129,231136,231159,231273,231273,238804,238754,238645,236486,236399,236174,236123,236022,236116,236355,236486,236935,246397,246630,246938,247356,247870,249243,251805,254664,258260,260582,263750,267777,273599,285017,292805,296942,300421,309092,381853,389278,393765,398498,401129,401882,401762,401431,401249,400942,400384,399493,398336
중구,196146,195125,195500,195396,195000,194854,194438,191292,188813,188000,186125,184292,181563,180146,179438,178625,177396,177313,177042,176438,175458,176375,177667,177146,191391,192453,194984,197906,200438,201469,202063,202558,202873,203052,203228,203450,203718,204056,204409,204924,205276,205635,214854,215634,216500,217354,218195,218951,219463,219256,219311,219384,219604,219677,219945,220323,220726,221299,221482,221515,221471,221410,221459,221422,221398,221410,221060,220628,220530,220555,220445,239886,239829,239786,239643,238943,238300,237529,236700,235071,234000,233000,231786,230814,226583,225819,224931,223278,221236,220111,219861,220167,220778,221611,222021,223715,255071,255548,258714,262012,263470,265732,267161,267458,268375,269173,270268,271327,273077,276470,281994,287863,293292,300387,341182,344132,347476,352926,357155,359284,359180,359004,358626,358468,358191,357374,355721
동구,170304,170304,170304,170304,170304,170152,168022,167543,166522,166022,164717,164000,162761,160848,160478,160957,161261,160891,160435,159261,159174,159304,159326,159130,159826,160283,161913,161152,161239,161500,161935,162152,162641,162935,163370,163457,163587,163848,164391,165196,165478,166435,177196,177337,177739,178087,179674,180717,181087,181087,181043,181130,181326,181570,181898,182202,167161,167430,167573,167695,167766,167695,167773,167989,168109,168277,168418,168673,169071,169291,169634,170714,170625,170625,170571,170393,170000,169411,168964,168804,168768,168607,168554,168420,166685,166278,165685,165685,165426,164815,164593,164315,165056,165148,165056,164694,164102,163694,163519,163741,164185,164694,164870,164907,164917,165213,166139,166306,166750,167831,169463,171444,173417,178472,209908,212644,214868,216736,218021,218928,218962,218680,218371,218286,218068,217400,216992
남구,192738,192452,191905,191631,191286,189798,188369,187964,187119,186524,185500,184417,183631,182917,182036,181917,181893,181298,180988,180833,180786,181119,181548,181905,181905,182429,182821,182607,182667,182690,182702,183036,183631,183940,184643,184881,185060,185298,186345,188667,189690,190393,196202,196560,197095,198012,198226,198548,198560,198598,198614,198698,198888,199602,199864,200036,200202,200405,200714,200762,200845,200845,200917,201071,201226,201429,201702,202940,203512,204048,204381,216901,217237,217453,217608,217677,217677,217823, , , , , , , , , , , , , , , , , , , , , , , , , , , , , , , , , , , , , , , , , , , , , , , , , 
미추홀구, , , , , , , , , , , , , , , , , , , , , , , , , , , , , , , , , , , , , , , , , , , , , , , , , , , , , , , , , , , , , , , , , , , , , , , , , , , , , , ,217823,217625,217659,218047,218487,219159,227657,227343,227436,227225,226945,226691,226640,226538,226903,226835,226996,228703,233234,235531,240641,244336,245781,246797,247859,249383,250055,251336,252758,254414,256188,261211,266117,270328,276328,289195,298609,303628,308917,315960,320070,323362,323762,323503,323276,323079,321826,319929,318780
연수구,250833,249385,248729,248729,247896,247844,246250,244563,243510,241844,242260,241094,237115,235571,234868,235552,236979,237042,237021,236573,236740,238865,240323,240979,265904,266779,268337,269000,269250,269327,269452,269798,270529,271356,271875,272221,272660,273538,276123,279160,281491,283264,295585,296104,297104,297783,299509,300075,300142,300066,299943,300217,300406,300528,300783,300934,319284,319414,319724,319957,319897,319810,319966,320276,320405,321664,322276,323793,324879,325983,327043,345581,345875,347066,347691,348037,348397,349096,348412,345706,344904,345044,344838,344221,377507,376688,377597,376542,375111,374188,373444,371813,373174,374694,376243,379694,407351,413045,433617,443526,448071,455325,458805,459403,460747,461636,464825,471851,485916,503344,517922,534857,548870,565838,640852,660861,680009,695952,707873,710678,710217,709539,705892,704886,700069,695123,691358
남동구,243398,243398,243398,243398,243454,243454,242935,241324,239074,237528,236352,234185,233157,230815,229338,229292,229606,229236,228801,227894,227417,227870,227954,228796,229194,229537,230602,230611,230704,230731,230880,231167,231727,232301,232731,232824,232898,233361,234148,235898,236787,238051,253017,253076,253347,253763,254102,254568,254581,254459,254674,254780,254551,254729,255059,255441,256008,256263,256653,256805,256798,256527,256424,256492,256644,256788,257051,257920,258553,259062,259735,267863,267918,268096,268185,268021,268103,268303,268227,268011,268059,268764,269589,269582,276120,275968,276399,276291,276209,276070,276073,275655,276158,276756,277070,278709,298569,299050,306484,315359,321072,326413,328638,328638,328225,328363,329934,333644,338419,345175,353684,359788,367631,378525,399532,405803,410673,417955,422073,422738,422878,422845,422105,421284,419727,419789,416636
부평구,224439,224360,223877,222921,221009,219746,218219,217026,216263,215009,213368,211737,210149,208746,206702,206105,206035,205974,206079,205912,206360,208298,209395,210289,211684,212360,213763,214596,214614,214658,214802,215186,216396,217370,217967,218486,218925,219682,220686,222247,223484,224353,228554,229984,231440,232798,234535,235544,235596,235719,235904,236092,236530,237254,237992,239064,239582,240488,241347,241505,241330,243114,243237,243386,243675,244535,244746,245544,246193,246658,246939,257169,256547,256791,256878,256831,256338,255311,254838,254182,254149,254818,255872,257047,253780,253627,253147,254180,255413,256580,256700,256213,256473,256587,257847,258787,259789,261151,268000,273007,276158,280836,283895,286487,288697,290454,292586,294678,297638,301836,308487,314842,322493,334480,391864,399832,407526,414836,420050,422482,422652,422390,421635,420946,420164,419278,417808
계양구,171750,171380,171280,169400,168400,167660,165960,165030,164240,163830,162840,161990,160840,160050,159870,160330,160390,160830,160450,160430,160240,161710,162770,163490,164640,165590,167380,167700,168170,168530,169180,169860,170460,171050,171550,171760,172030,172360,172790,173570,174370,175340,183470,183850,184400,185220,185780,186420,186600,186430,186510,186710,186870,187090,187340,187610,187920,188414,188904,189195,189215,189158,189178,189168,189354,189554,189684,190700,191350,191693,192073,208557,208582,208631,208615,208451,208254,208000,207877,207148,206426,206254,206885,207934,222408,222267,223317,225017,225808,226742,226617,225942,226942,227642,227708,228250,229883,230275,231242,232775,234742,236367,237133,237542,238158,238758,239667,241317,244192,248033,250800,255467,260833,269542,293695,300350,306695,312886,316780,319419,320122,319870,319748,319947,319703,319215,318285
서구,203425,202245,201160,201302,199274,196142,194623,192160,190745,187604,186783,185528,183802,183255,183189,184080,183863,183959,183510,183142,184153,186125,187342,187296,200676,201547,202521,203366,203741,203784,203733,203879,204310,205043,206000,206138,206371,206991,207931,209552,211078,213483,218435,219363,220242,220653,221202,221532,221653,221605,221621,221589,221556,221677,221895,222323,222460,222927,223339,223419,223411,222831,222952,223056,223185,223073,223274,223726,224452,224968,225427,262426,262405,262291,262304,262257,262000,261764,261399,261034,261027,261392,262297,263845,275344,275130,274481,273682,273422,273195,273188,273331,273981,273990,275383,276266,314358,318549,339043,344469,346846,352309,355457,356562,357198,358167,360071,361429,363645,369438,377941,389410,397216,408469,439735,450899,459699,467044,470075,471712,471767,471211,470396,469688,466872,466365,465188
